"","x"
"trade",1315
"oil",1080
"mln",761
"will",684
"market",642
"bank",605
"billion",593
"dlrs",584
"year",584
"price",574
"japan",509
"pct",472
"last",449
"offici",426
"export",408
"countri",382
"product",363
"import",350
"opec",348
"state",338
"foreign",336
"industri",335
"crude",318
"barrel",315
"dollar",314
"also",309
"minist",308
"japanes",301
"govern",299
"agreement",284
"bpd",284
"rate",281
"one",273
"currenc",265
"compani",256
"new",255
"exchang",253
"month",251
"meet",249
"unit",249
"week",245
"nation",244
"say",243
"econom",243
"two",238
"world",237
"stg",236
"told",233
"bill",232
"today",221
"februari",213
"day",207
"report",205
"increas",198
"deficit",196
"take",192
"surplus",188
"saudi",187
"expect",185
"plan",183
"cut",183
"polici",180
"develop",179
"intern",178
"hous",168
"presid",167
"system",167
"money",165
"major",163
"level",161
"talk",159
"produc",158
"reagan",157
"januari",154
"help",152
"good",148
"first",147
"energi",146
"march",146
"around",145
"gatt",144
"call",143
"west",142
"current",142
"sourc",142
"treasuri",142
"accord",142
"time",142
"tax",140
"rise",139
"analyst",138
"canada",138
"agre",138
"tariff",137
"ecuador",136
"economi",135
"petroleum",135
"need",134
"issu",134
"reserv",133
"output",132
"well",132
"open",132
"end",131
"chang",131
"now",130
"total",129
"member",129
"baker",129
"domest",127
"april",127
"set",127
"central",126
"made",123
"next",123
"way",123
"committe",123
"make",123
"dlr",122
"per",121
"rais",121
"stock",121
"continu",120
"negoti",120
"semiconductor",120
"includ",118
"like",115
"propos",115
"interest",115
"chip",115
"pari",115
"debt",114
"pact",113
"demand",112
"measur",112
"term",111
"china",111
"three",108
"general",107
"franc",107
"reduc",105
"fall",104
"may",104
"refineri",104
"taiwan",103
"can",102
"arabia",102
"ministri",102
"five",102
"declin",101
"move",101
"washington",101
"sinc",100
"financ",100
"monetari",100
"field",100
"spokesman",100
"quota",99
"see",99
"firm",98
"corp",97
"effect",97
"estim",97
"action",96
"high",95
"part",95
"compar",94
"growth",94
"decemb",93
"close",93
"want",92
"european",92
"statement",92
"south",91
"earli",91
"invest",91
"allow",91
"sell",90
"use",90
"fell",90
"administr",90
"discuss",90
"secretari",90
"work",89
"agricultur",89
"oper",89
"quarter",88
"consid",88
"post",87
"ask",87
"group",87
"forecast",87
"problem",85
"explor",85
"retali",85
"futur",84
"due",84
"fund",84
"credit",84
"canadian",83
"budget",83
"six",82
"suppli",82
"secur",82
"congress",82
"studi",81
"remain",81
"yen",81
"stabil",81
"economist",80
"sign",80
"figur",79
"feder",79
"earlier",78
"provid",78
"pipelin",78
"dealer",78
"contract",77
"must",77
"much",77
"yesterday",77
"show",77
"american",77
"announc",76
"recent",76
"cooper",76
"still",76
"buy",76
"lower",74
"note",74
"financi",74
"rule",74
"mark",74
"long",73
"assist",73
"boost",72
"support",72
"main",72
"rose",72
"round",72
"communiti",72
"back",71
"come",71
"loan",71
"disput",71
"cost",71
"yeutter",71
"within",70
"sever",70
"korea",70
"averag",69
"base",69
"drop",69
"pressur",69
"effort",69
"venezuela",69
"purchas",69
"lead",68
"forc",68
"tokyo",68
"repres",68
"british",68
"impos",67
"share",67
"larg",67
"germani",67
"hold",66
"mean",66
"follow",66
"third",66
"sanction",66
"revis",66
"think",66
"account",65
"higher",65
"among",65
"offer",65
"legisl",65
"refin",64
"result",64
"sale",64
"relat",64
"concern",64
"record",64
"nakason",64
"brazil",63
"non",63
"four",63
"england",63
"possibl",63
"cts",62
"bond",62
"aid",62
"posit",61
"project",61
"confer",61
"competit",61
"reach",61
"low",60
"mani",60
"fed",60
"howev",59
"trader",59
"short",59
"drill",59
"shortag",58
"control",58
"late",58
"tri",58
"gulf",58
"limit",58
"urg",58
"news",58
"deal",58
"war",58
"area",57
"balanc",57
"requir",57
"senat",57
"union",57
"decis",57
"give",57
"miti",57
"gas",57
"inc",56
"period",56
"grow",56
"second",56
"texa",55
"present",55
"britain",55
"servic",54
"valu",54
"revenu",54
"arab",54
"get",54
"liquid",54
"fix",53
"target",53
"restrict",53
"whether",53
"depart",53
"council",53
"approv",53
"ltd",52
"bbl",52
"start",52
"point",52
"septemb",52
"free",52
"auction",52
"practic",52
"far",52
"damag",52
"banker",51
"indonesia",51
"rang",51
"stop",51
"chairman",51
"comment",51
"pay",50
"order",50
"agenc",50
"full",50
"activ",49
"institut",49
"adjust",49
"might",49
"line",48
"clear",48
"near",48
"law",48
"privat",48
"partner",48
"bilater",48
"anoth",48
"benefit",48
"prepar",48
"warn",48
"microchip",48
"believ",48
"bring",47
"interview",47
"manag",47
"largest",47
"polit",47
"strong",47
"put",47
"author",47
"press",47
"success",47
"question",47
"visit",47
"western",47
"jame",47
"unfair",47
"given",46
"democrat",46
"senior",46
"intervent",46
"german",46
"soviet",46
"annual",45
"payment",45
"custom",45
"quot",45
"seek",45
"hope",45
"comput",45
"half",45
"program",45
"electron",45
"face",44
"kuwait",44
"reform",44
"protectionist",44
"alreadi",44
"curb",44
"busi",44
"baldrig",44
"associ",43
"grade",43
"less",43
"commod",43
"begin",43
"public",43
"dump",43
"ago",43
"depend",43
"light",42
"review",42
"just",42
"held",42
"textil",42
"option",42
"french",42
"volcker",42
"although",41
"bid",41
"session",41
"subsidi",41
"june",40
"step",40
"decid",40
"commerci",40
"commit",40
"run",40
"particular",40
"maker",40
"friday",40
"even",39
"protect",39
"previous",39
"amount",39
"europ",39
"subcommitte",39
"petrobra",39
"ceil",38
"improv",38
"hit",38
"lend",38
"recommend",38
"seen",38
"capit",38
"greater",38
"prime",38
"side",38
"commiss",38
"act",38
"north",38
"final",38
"block",38
"bundesbank",38
"discount",37
"reflect",37
"certain",37
"daili",37
"capac",37
"determin",37
"repurchas",37
"lift",37
"affect",37
"imbal",37
"inform",37
"shell",37
"shipment",37
"eas",37
"white",37
"find",37
"relief",37
"initi",36
"director",36
"eight",36
"schedul",36
"sector",36
"reason",36
"joint",36
"return",36
"suspend",36
"suggest",36
"sea",36
"better",36
"specif",36
"gain",36
"reduct",35
"probabl",35
"indic",35
"maintain",35
"addit",35
"despit",35
"accept",35
"transact",35
"detail",35
"diplomat",35
"violat",35
"key",35
"condit",34
"immedi",34
"keep",34
"past",34
"taken",34
"consumpt",34
"aim",34
"worth",34
"offic",34
"respons",34
"situat",33
"toward",33
"emerg",33
"direct",33
"place",33
"spend",33
"fundament",33
"nazer",33
"process",33
"pacif",33
"role",33
"incent",33
"band",33
"earthquak",33
"conabl",33
"octob",32
"access",32
"barrier",32
"caus",32
"look",32
"bought",32
"encourag",32
"signific",32
"commerc",32
"loss",32
"interven",32
"soon",31
"deputi",31
"east",31
"littl",31
"head",31
"ahead",31
"gave",31
"factor",31
"board",31
"heavi",31
"miyazawa",31
"leader",31
"herrington",31
"avoid",30
"weak",30
"right",30
"seven",30
"spot",30
"corpor",30
"stabilis",30
"consum",30
"progress",30
"without",30
"offset",30
"chief",30
"case",30
"profit",30
"volum",30
"oecd",30
"australian",30
"manufactur",30
"research",29
"sold",29
"mid",29
"respect",29
"expand",29
"resourc",29
"flow",29
"juli",29
"becom",29
"api",29
"fuel",29
"packag",29
"inflat",28
"favour",28
"deposit",28
"impact",28
"parti",28
"stimul",28
"tomorrow",28
"alleg",28
"attempt",28
"push",28
"refus",28
"california",28
"failur",28
"imf",28
"repair",28
"defend",28
"governor",28
"latest",27
"complet",27
"later",27
"basi",27
"fiscal",27
"yet",27
"exist",27
"exxon",27
"intend",27
"protection",27
"vice",27
"confid",27
"link",27
"prospect",27
"number",27
"strengthen",27
"hand",27
"organis",26
"qatar",26
"establish",26
"standard",26
"statist",26
"deleg",26
"involv",26
"necessari",26
"offshor",26
"iraq",26
"sterl",26
"chanc",26
"foster",26
"letter",26
"appear",25
"real",25
"fluctuat",25
"add",25
"peopl",25
"pass",25
"nigeria",25
"resolv",25
"common",25
"clayton",25
"farm",25
"live",25
"uruguay",25
"yield",25
"avail",24
"charg",24
"difficulti",24
"lost",24
"fail",24
"investor",24
"sharpli",24
"power",24
"huge",24
"potenti",24
"implement",24
"risk",24
"basic",24
"differ",24
"businessmen",24
"opportun",24
"iranian",24
"extern",24
"row",24
"longer",24
"matur",24
"least",23
"region",23
"york",23
"cash",23
"deni",23
"sharp",23
"regul",23
"mobil",23
"zone",23
"tighten",23
"difficult",23
"rather",23
"chines",23
"paper",23
"exchequ",23
"slow",23
"job",23
"subsidiari",23
"morn",23
"organ",22
"texaco",22
"facil",22
"resist",22
"asian",22
"devalu",22
"contribut",22
"adopt",22
"bahrain",22
"form",22
"retaliatori",22
"coordin",22
"special",22
"oversea",22
"predict",22
"global",22
"cent",22
"fear",22
"oppos",22
"view",22
"prevent",22
"similar",22
"technolog",22
"correct",22
"came",22
"extend",22
"natur",22
"wide",22
"appropri",22
"mine",22
"releas",22
"tonn",22
"iea",22
"consider",22
"carri",22
"approach",22
"employ",22
"prt",22
"sumita",22
"stoltenberg",22
"buyer",21
"guarante",21
"refer",21
"remark",21
"earn",21
"gcc",21
"speak",21
"lukman",21
"rapid",21
"top",21
"narrow",21
"won",21
"iran",21
"debat",21
"broad",21
"best",21
"don",21
"overal",21
"rig",21
"threaten",21
"repay",21
"object",21
"attack",21
"idea",21
"cover",20
"halt",20
"nine",20
"critic",20
"pump",20
"test",20
"prioriti",20
"hard",20
"instead",20
"turn",20
"whole",20
"leav",20
"abl",20
"small",20
"telecommun",20
"affair",20
"equip",20
"design",20
"serious",20
"solv",20
"rostenkowski",20
"fair",20
"sure",20
"own",20
"promot",20
"india",20
"john",20
"panel",20
"itali",20
"achiev",20
"drain",20
"thursday",20
"mile",20
"hernandez",20
"creat",20
"goal",20
"lawson",20
"intermedi",19
"name",19
"benchmark",19
"construct",19
"outsid",19
"build",19
"expenditur",19
"shortfal",19
"complaint",19
"repli",19
"fee",19
"petro",19
"provis",19
"duti",19
"consist",19
"ensur",19
"execut",19
"person",19
"london",19
"renew",19
"draw",19
"tough",19
"unlik",18
"sweet",18
"emir",18
"local",18
"publish",18
"elect",18
"launch",18
"plant",18
"though",18
"tradit",18
"trend",18
"recoveri",18
"adher",18
"northern",18
"stabl",18
"introduc",18
"newspap",18
"coast",18
"hour",18
"reject",18
"met",18
"stress",18
"gap",18
"port",18
"date",18
"join",18
"normal",18
"play",18
"attend",18
"unless",18
"led",18
"feel",18
"korean",18
"matter",18
"enough",18
"sentiment",18
"stand",18
"america",18
"found",18
"data",18
"colombia",18
"night",18
"ventur",18
"televis",18
"clercq",18
"norway",18
"republican",18
"index",17
"seem",17
"excess",17
"paul",17
"net",17
"exceed",17
"request",17
"restor",17
"transport",17
"float",17
"uae",17
"draft",17
"especi",17
"threat",17
"island",17
"strateg",17
"particip",17
"speech",17
"other",17
"gasolin",17
"minimum",17
"lawmak",17
"shut",17
"shift",17
"send",17
"vote",17
"pdvsa",17
"anger",17
"abroad",16
"movement",16
"sour",16
"trust",16
"almost",16
"appar",16
"burden",16
"declar",16
"sheikh",16
"wednesday",16
"succeed",16
"formal",16
"receiv",16
"kingdom",16
"away",16
"zambia",16
"congression",16
"worker",16
"substanti",16
"worldwid",16
"liber",16
"mexico",16
"applic",16
"kind",16
"peke",16
"remov",16
"richard",16
"contain",16
"lot",16
"mission",16
"pound",16
"wti",16
"rha",16
"fact",16
"egypt",16
"larger",16
"circul",16
"dutch",16
"left",16
"mulroney",16
"industrialis",16
"separ",16
"yasuhiro",16
"sudan",16
"fire",16
"zealand",16
"darman",16
"revers",15
"anyth",15
"differenti",15
"outlook",15
"alvit",15
"santo",15
"smaller",15
"asia",15
"deregul",15
"liberalis",15
"behind",15
"chevron",15
"africa",15
"save",15
"hong",15
"kong",15
"lose",15
"insur",15
"appli",15
"chipmak",15
"licenc",15
"thing",15
"amend",15
"extrem",15
"poland",15
"trigger",15
"plc",15
"resum",15
"smith",15
"break",15
"equiti",15
"done",15
"survey",15
"strain",15
"harm",15
"ecuadorean",15
"venezuelan",15
"degre",15
"swap",15
"technic",15
"gephardt",15
"evid",15
"netback",15
"clark",15
"repeat",14
"advantag",14
"togeth",14
"postpon",14
"million",14
"slight",14
"lack",14
"riyal",14
"unchang",14
"alloc",14
"instrument",14
"kwacha",14
"replac",14
"fourth",14
"took",14
"let",14
"readi",14
"respond",14
"indonesian",14
"subroto",14
"except",14
"ship",14
"former",14
"belgian",14
"forward",14
"parliament",14
"sought",14
"malaysia",14
"stage",14
"express",14
"sun",14
"conserv",14
"rest",14
"aircraft",14
"scale",14
"restructur",14
"calcul",14
"middl",14
"portfolio",14
"cutback",14
"arriv",14
"tuesday",14
"quit",14
"cancel",14
"borrow",14
"medium",14
"norsk",14
"chirac",14
"anti",13
"crisi",13
"home",13
"diamond",13
"spokeswoman",13
"abil",13
"brother",13
"optimist",13
"slide",13
"feb",13
"louisiana",13
"bodi",13
"advis",13
"assess",13
"steel",13
"outlin",13
"recov",13
"satisfi",13
"shown",13
"slump",13
"began",13
"sweden",13
"multilater",13
"either",13
"enter",13
"exampl",13
"doubt",13
"petroleo",13
"swiss",13
"actual",13
"exclud",13
"prefer",13
"quick",13
"subject",13
"conflict",13
"congressmen",13
"react",13
"doubl",13
"strike",13
"distil",13
"convinc",13
"gross",13
"exploratori",13
"southern",13
"consult",13
"insist",13
"robert",13
"novemb",13
"hear",13
"trip",13
"great",13
"under",13
"specul",13
"fitzwat",13
"danger",13
"iraqi",13
"via",13
"inventori",13
"mediterranean",13
"equival",13
"jungl",13
"nova",13
"risen",13
"principl",13
"rep",13
"investig",13
"swedish",13
"flat",13
"champlin",13
"compris",13
"dinar",13
"cite",12
"never",12
"prompt",12
"thought",12
"prove",12
"along",12
"suffer",12
"seri",12
"interbank",12
"weekend",12
"electr",12
"eventu",12
"season",12
"fresh",12
"ralli",12
"appreci",12
"cabinet",12
"complain",12
"sent",12
"structur",12
"tight",12
"item",12
"weaken",12
"arrang",12
"complex",12
"explain",12
"biggest",12
"ground",12
"permit",12
"tie",12
"philippin",12
"origin",12
"transfer",12
"occur",12
"pledg",12
"hurt",12
"claim",12
"team",12
"exempt",12
"tell",12
"write",12
"accus",12
"oblig",12
"latin",12
"abid",12
"howard",12
"settl",12
"quak",12
"balao",12
"paid",12
"moscow",12
"king",12
"comecon",12
"depress",12
"entir",12
"toughen",12
"alberta",12
"premier",12
"elsewher",12
"supplier",12
"deplet",12
"focus",12
"proceed",12
"relianc",12
"fill",12
"explos",12
"cabl",12
"eysken",12
"shamrock",11
"address",11
"david",11
"optim",11
"ali",11
"reaffirm",11
"perform",11
"relax",11
"suharto",11
"reluct",11
"water",11
"arabian",11
"stick",11
"fallen",11
"neutral",11
"storag",11
"xon",11
"list",11
"otherwis",11
"slash",11
"nymex",11
"lessen",11
"conduct",11
"turkey",11
"old",11
"argu",11
"certif",11
"grey",11
"goe",11
"overnight",11
"persuad",11
"deliveri",11
"brent",11
"margosh",11
"extens",11
"section",11
"appoint",11
"inject",11
"spur",11
"known",11
"michael",11
"singapor",11
"margin",11
"care",11
"naira",11
"resolut",11
"doesn",11
"settlement",11
"presidenti",11
"solut",11
"delay",11
"chancellor",11
"consensus",11
"tension",11
"jordan",11
"kept",11
"stronger",11
"asset",11
"tone",11
"opposit",11
"arm",11
"memori",11
"watch",11
"conclud",11
"monday",11
"outflow",11
"cours",11
"grisanti",11
"august",11
"land",11
"sound",11
"surg",11
"crown",11
"realign",11
"abu",11
"summit",11
"wattari",11
"denman",11
"debtor",11
"hydrocrack",11
"tamura",11
"thatcher",11
"mulford",11
"ldp",11
"reiter",10
"wish",10
"marathon",10
"distribut",10
"lowest",10
"crucial",10
"momentum",10
"welcom",10
"depth",10
"expans",10
"extent",10
"oman",10
"recess",10
"saw",10
"bidder",10
"georg",10
"defens",10
"summer",10
"ambassador",10
"court",10
"know",10
"flexibl",10
"maximum",10
"membership",10
"type",10
"pleas",10
"big",10
"cross",10
"malcolm",10
"individu",10
"brought",10
"troubl",10
"wine",10
"food",10
"happen",10
"commission",10
"revalu",10
"examin",10
"algeria",10
"channon",10
"volatil",10
"polish",10
"moment",10
"incom",10
"urgent",10
"interior",10
"liabil",10
"amoco",10
"basin",10
"concess",10
"combin",10
"partnership",10
"terra",10
"highest",10
"advanc",10
"nec",10
"fahd",10
"strength",10
"appeal",10
"afternoon",10
"temporari",10
"mandat",10
"wage",10
"wright",10
"fast",10
"provision",10
"gather",10
"meanwhil",10
"kill",10
"enforc",10
"fendt",10
"basket",10
"tender",10
"discoveri",10
"finland",10
"moor",10
"apea",10
"taxat",10
"est",10
"statoil",10
"countertrad",10
"environ",9
"engin",9
"elabor",9
"fernando",9
"peg",9
"coupl",9
"embassi",9
"regard",9
"uncertainti",9
"abdul",9
"reliev",9
"unveil",9
"negat",9
"pursu",9
"various",9
"hisham",9
"jump",9
"fight",9
"unilater",9
"bentsen",9
"singl",9
"faster",9
"select",9
"centuri",9
"hedg",9
"atlant",9
"mass",9
"peso",9
"pemex",9
"domin",9
"everi",9
"influenc",9
"status",9
"strict",9
"withdraw",9
"moder",9
"dan",9
"dubai",9
"properti",9
"generat",9
"peru",9
"sen",9
"grant",9
"spain",9
"vital",9
"chemic",9
"favor",9
"wait",9
"citgo",9
"levi",9
"compens",9
"realli",9
"recognis",9
"climb",9
"speaker",9
"william",9
"bullish",9
"mainten",9
"coal",9
"whose",9
"eighth",9
"answer",9
"meter",9
"imperi",9
"centr",9
"kiichi",9
"resort",9
"nomin",9
"parliamentari",9
"promis",9
"shutdown",9
"militari",9
"brazilian",9
"santana",9
"jakarta",9
"italian",9
"stood",9
"ever",9
"forese",9
"nic",9
"depreci",9
"understand",9
"evan",9
"heller",9
"potash",9
"gnp",9
"eep",9
"center",8
"telephon",8
"assign",8
"geneva",8
"network",8
"attract",8
"defenc",8
"pick",8
"circumst",8
"nigerian",8
"suspens",8
"termin",8
"african",8
"frustrat",8
"intent",8
"meant",8
"procedur",8
"taiwanes",8
"eastern",8
"unoc",8
"serv",8
"passag",8
"framework",8
"shelf",8
"phase",8
"enhanc",8
"tabl",8
"willing",8
"elimin",8
"club",8
"curtail",8
"plea",8
"peak",8
"barney",8
"cargo",8
"lehman",8
"wood",8
"drawn",8
"morgan",8
"went",8
"expens",8
"brief",8
"heat",8
"sustain",8
"exact",8
"finish",8
"car",8
"acknowledg",8
"argument",8
"describ",8
"deterior",8
"dri",8
"evalu",8
"qualiti",8
"anticip",8
"preliminari",8
"plaza",8
"instal",8
"river",8
"pattern",8
"caraca",8
"royal",8
"provinc",8
"altern",8
"avert",8
"unanim",8
"wildlif",8
"count",8
"lynch",8
"merril",8
"everyth",8
"built",8
"weight",8
"espinosa",8
"pend",8
"heavili",8
"search",8
"arturo",8
"willi",8
"patent",8
"reli",8
"comprehens",8
"identifi",8
"penalti",8
"version",8
"assur",8
"oilfield",8
"invit",8
"upward",8
"bureau",8
"plain",8
"spring",8
"raid",8
"endors",8
"mind",8
"relationship",8
"disclos",8
"calm",8
"downward",8
"signal",8
"widen",8
"labor",8
"friction",8
"outright",8
"nigel",8
"newli",8
"steep",8
"venic",8
"australia",8
"bass",8
"strait",8
"del",8
"hata",8
"strategi",8
"png",8
"saga",8
"wireless",8
"unch",8
"amid",7
"collaps",7
"plung",7
"soar",7
"widespread",7
"salomon",7
"decreas",7
"deliv",7
"self",7
"calendar",7
"virtual",7
"azzam",7
"decad",7
"metal",7
"arrear",7
"kaunda",7
"retain",7
"boycott",7
"reciproc",7
"tool",7
"cheap",7
"deadlin",7
"mar",7
"size",7
"sovereignti",7
"continent",7
"greec",7
"greek",7
"slack",7
"enabl",7
"load",7
"qualifi",7
"restrain",7
"croo",7
"veto",7
"stephen",7
"harri",7
"mix",7
"shearson",7
"upham",7
"royalti",7
"gallon",7
"concert",7
"swing",7
"track",7
"machineri",7
"ran",7
"aqazadeh",7
"secondari",7
"grain",7
"sight",7
"often",7
"papua",7
"airport",7
"sluggish",7
"bad",7
"creditor",7
"poor",7
"realiti",7
"spotlight",7
"yes",7
"libya",7
"someth",7
"plus",7
"marlin",7
"ministeri",7
"effici",7
"alli",7
"colombian",7
"ecopetrol",7
"ultim",7
"win",7
"discov",7
"usx",7
"alaska",7
"dibona",7
"guilder",7
"dram",7
"easier",7
"desir",7
"visnew",7
"pertamina",7
"alter",7
"gmt",7
"confirm",7
"indirect",7
"crack",7
"mutual",7
"advers",7
"rupe",7
"stake",7
"closur",7
"jim",7
"steadili",7
"noth",7
"indian",7
"turbul",7
"belgium",7
"ecu",7
"felt",7
"coffe",7
"ahm",7
"downturn",7
"journalist",7
"hydro",7
"integr",7
"claus",7
"assum",7
"warrant",7
"doe",7
"stanc",7
"bankruptci",7
"auto",7
"acceler",7
"johnson",7
"markka",7
"synthet",7
"read",7
"award",7
"punta",7
"melam",7
"regim",7
"jacqu",7
"mideast",6
"jan",6
"houston",6
"challeng",6
"khalifa",6
"equal",6
"primari",6
"steadi",6
"awar",6
"denomin",6
"lag",6
"sophist",6
"rilwanu",6
"abolish",6
"dismiss",6
"interim",6
"chv",6
"mob",6
"purpos",6
"admit",6
"emphas",6
"lay",6
"lloyd",6
"super",6
"understood",6
"sometim",6
"speed",6
"wang",6
"dismantl",6
"aegean",6
"turkish",6
"undersecretari",6
"cartel",6
"cruz",6
"materi",6
"fulfil",6
"gradual",6
"hungari",6
"instruct",6
"massiv",6
"nervous",6
"ban",6
"walli",6
"bigger",6
"conciliatori",6
"aggress",6
"civil",6
"simpli",6
"residu",6
"advoc",6
"stay",6
"switch",6
"user",6
"attribut",6
"prevail",6
"realis",6
"autumn",6
"heart",6
"justifi",6
"mitchel",6
"slip",6
"stripper",6
"diminish",6
"switzerland",6
"herring",6
"counterpart",6
"dip",6
"perman",6
"nugent",6
"airbus",6
"confront",6
"therefor",6
"fine",6
"mayb",6
"luxembourg",6
"boom",6
"guinea",6
"miner",6
"submit",6
"kansai",6
"convert",6
"expert",6
"unabl",6
"egyptian",6
"gabon",6
"lie",6
"coastal",6
"beyond",6
"rich",6
"overhaul",6
"norwegian",6
"sand",6
"heavier",6
"bridg",6
"eurodollar",6
"liff",6
"engag",6
"landslid",6
"lago",6
"formula",6
"border",6
"cubic",6
"graviti",6
"cordero",6
"febr",6
"ocean",6
"illinoi",6
"conoco",6
"battl",6
"leas",6
"modest",6
"javier",6
"schlumberg",6
"verifi",6
"ottawa",6
"controversi",6
"missouri",6
"ten",6
"fit",6
"wider",6
"black",6
"divis",6
"observ",6
"francais",6
"phillip",6
"life",6
"attitud",6
"gold",6
"room",6
"entiti",6
"moreov",6
"popular",6
"programm",6
"benefici",6
"policymak",6
"penal",6
"healthi",6
"bar",6
"begun",6
"contrast",6
"mention",6
"miller",6
"content",6
"dhabi",6
"oapec",6
"legal",6
"salvag",6
"defus",6
"byrd",6
"deduct",6
"discharg",6
"mechan",6
"tend",6
"barber",6
"worri",6
"grangemouth",6
"regular",6
"spread",6
"reopen",6
"oki",6
"ward",6
"edward",6
"cme",6
"carney",6
"stat",6
"licens",6
"operatorship",6
"margaret",6
"testimoni",6
"saba",6
"lebanes",6
"fec",6
"fso",6
"bangemann",6
"accompani",5
"dramat",5
"suffici",5
"regain",5
"hill",5
"independ",5
"sabah",5
"bit",5
"counter",5
"divid",5
"monopoli",5
"primarili",5
"zero",5
"aziz",5
"health",5
"grown",5
"introduct",5
"nevertheless",5
"fulli",5
"hemispher",5
"spa",5
"kenneth",5
"cif",5
"entitl",5
"restraint",5
"scheme",5
"throughput",5
"decre",5
"implic",5
"irrit",5
"varieti",5
"guard",5
"efp",5
"mercantil",5
"subsequ",5
"acid",5
"northwest",5
"rain",5
"deliber",5
"authoris",5
"automat",5
"broker",5
"exploit",5
"percentag",5
"dead",5
"saturday",5
"touch",5
"undervalu",5
"salina",5
"editori",5
"gsp",5
"labour",5
"mandatori",5
"obtain",5
"print",5
"shultz",5
"vast",5
"voluntari",5
"drastic",5
"messag",5
"compet",5
"persist",5
"repaid",5
"spark",5
"sponsor",5
"wheat",5
"wellemey",5
"peseta",5
"shrink",5
"acquir",5
"advisori",5
"fujitsu",5
"likelihood",5
"takeov",5
"across",5
"forum",5
"inland",5
"onshor",5
"bae",5
"breach",5
"monitor",5
"method",5
"blame",5
"southland",5
"concret",5
"document",5
"devis",5
"envoy",5
"correspond",5
"refrain",5
"collect",5
"demonstr",5
"michel",5
"yugoslavia",5
"dispos",5
"client",5
"injuri",5
"gilt",5
"destock",5
"peter",5
"accid",5
"lusinchi",5
"owe",5
"squeez",5
"procur",5
"wonnacott",5
"bob",5
"canterra",5
"graven",5
"portion",5
"shc",5
"afford",5
"combat",5
"floor",5
"windfal",5
"picken",5
"throughout",5
"consortium",5
"scrap",5
"realist",5
"partial",5
"most",5
"crash",5
"behalf",5
"garcia",5
"diversif",5
"hugh",5
"pure",5
"affili",5
"feet",5
"inch",5
"marin",5
"saskatchewan",5
"written",5
"copyright",5
"cautious",5
"fruit",5
"murakhovski",5
"sulphur",5
"task",5
"foundat",5
"caribbean",5
"brian",5
"got",5
"connect",5
"remitt",5
"front",5
"wind",5
"mill",5
"aspect",5
"judgement",5
"match",5
"weigh",5
"exercis",5
"esso",5
"envisag",5
"reinforc",5
"sceptic",5
"secret",5
"vulner",5
"troop",5
"disciplin",5
"refund",5
"sugar",5
"bear",5
"scope",5
"sens",5
"banco",5
"brasil",5
"bonn",5
"stimulus",5
"disturb",5
"definit",5
"sharehold",5
"mee",5
"haven",5
"deplor",5
"keen",5
"inter",5
"oklahoma",5
"sacrific",5
"notabl",5
"subsidis",5
"richfield",5
"raymond",5
"ceremoni",5
"chalabi",5
"bulk",5
"kuwaiti",5
"rotterdam",5
"neyra",5
"reneg",5
"roxi",5
"fifth",5
"berlin",5
"bloc",5
"recognit",5
"cds",5
"compli",5
"missil",5
"ineffici",5
"undermin",5
"braverman",5
"dawkin",5
"unwilling",5
"climat",5
"stori",5
"unemploy",5
"hajim",5
"guid",5
"somewhat",5
"rrt",5
"satoshi",5
"bitter",5
"concepcion",5
"ronald",5
"occident",5
"bukhoosh",5
"fesharaki",5
"acquisit",5
"weaker",5
"cool",5
"herstatt",5
"islam",5
"phlx",5
"yugoslav",5
"smart",5
"wolf",5
"matsunaga",5
"pariti",5
"horner",5
"poorest",5
"departur",5
"anniversari",4
"wors",4
"dia",4
"closer",4
"daniel",4
"princip",4
"spoke",4
"uncertain",4
"univers",4
"edmonton",4
"none",4
"swift",4
"firmer",4
"quiet",4
"sunday",4
"communic",4
"educ",4
"reveal",4
"social",4
"citizen",4
"diversifi",4
"hamper",4
"stem",4
"contact",4
"imposs",4
"bargain",4
"easili",4
"happi",4
"minut",4
"sub",4
"criticis",4
"deep",4
"unaccept",4
"embargo",4
"frank",4
"cultur",4
"weather",4
"hitachi",4
"preserv",4
"specifi",4
"spokesmen",4
"jaim",4
"monsod",4
"mexican",4
"seminar",4
"articl",4
"citi",4
"coincid",4
"communist",4
"northeast",4
"romania",4
"treatment",4
"enorm",4
"sizeabl",4
"upset",4
"freedom",4
"hike",4
"mckinley",4
"rumor",4
"sanford",4
"pancanadian",4
"bbls",4
"staff",4
"upon",4
"belief",4
"rebound",4
"concentr",4
"drive",4
"presenc",4
"soft",4
"fairchild",4
"giant",4
"blend",4
"bolster",4
"extract",4
"frequent",4
"cotton",4
"woong",4
"defer",4
"discriminatori",4
"algerian",4
"word",4
"everyon",4
"judg",4
"visibl",4
"bonni",4
"compat",4
"fellow",4
"hardship",4
"prior",4
"vienna",4
"honour",4
"twice",4
"farmer",4
"sweep",4
"wall",4
"air",4
"ngls",4
"qtr",4
"intensifi",4
"attach",4
"indefinit",4
"mercal",4
"tremor",4
"absorb",4
"assumpt",4
"pull",4
"recogn",4
"agrio",4
"blow",4
"hector",4
"ordin",4
"inflow",4
"unspecifi",4
"conclus",4
"southeast",4
"imo",4
"injur",4
"leon",4
"alaskan",4
"environment",4
"refug",4
"dupont",4
"upgrad",4
"branch",4
"complianc",4
"dynam",4
"gear",4
"upturn",4
"urgenc",4
"riyadh",4
"forint",4
"incur",4
"redeem",4
"quito",4
"greatest",4
"alon",4
"colleagu",4
"prais",4
"triton",4
"temporarili",4
"cheaper",4
"plane",4
"eia",4
"sensit",4
"whatev",4
"wrap",4
"telex",4
"reaction",4
"ontario",4
"pace",4
"provinci",4
"disadvantag",4
"neighbour",4
"fish",4
"hair",4
"powerin",4
"restart",4
"bomb",4
"barter",4
"seamen",4
"bind",4
"stipul",4
"percept",4
"surpris",4
"christi",4
"corpus",4
"becam",4
"instanc",4
"ratio",4
"stream",4
"influenti",4
"kirkland",4
"lane",4
"jopl",4
"impati",4
"emphasi",4
"guidelin",4
"bearish",4
"chicago",4
"unsuccess",4
"perhap",4
"compon",4
"element",4
"host",4
"arc",4
"fos",4
"jerom",4
"lee",4
"stockbrok",4
"thus",4
"alway",4
"receipt",4
"pete",4
"den",4
"unnecessari",4
"discourag",4
"adequ",4
"site",4
"akzo",4
"zimbabw",4
"core",4
"impli",4
"sixth",4
"tackl",4
"mike",4
"tropic",4
"incid",4
"impetus",4
"benbow",4
"kharg",4
"platform",4
"ditch",4
"locat",4
"yamamoto",4
"taqi",4
"reorgan",4
"amstutz",4
"nobodi",4
"road",4
"inclin",4
"endeavour",4
"disappoint",4
"miss",4
"draugen",4
"haltenbanken",4
"khartoum",4
"bywat",4
"agip",4
"alarm",4
"fertil",4
"oxi",4
"iagifu",4
"norg",4
"honor",4
"von",4
"wartenberg",4
"credibl",4
"revok",4
"trial",4
"indebt",4
"worsen",4
"mps",4
"slap",4
"toshiba",4
"tian",4
"kyodo",4
"idb",4
"angri",4
"giordano",4
"lighten",4
"ural",4
"mcmillan",4
"randol",4
"ryzhkov",4
"nippon",4
"brien",4
"payrol",4
"semi",4
"valuat",4
"maciej",4
"amazon",4
"analysi",3
"cheat",3
"easi",3
"learn",3
"mizrahi",3
"mlotok",3
"pessimist",3
"sort",3
"remaind",3
"qaba",3
"unusu",3
"crossroad",3
"plastic",3
"popul",3
"substitut",3
"absenc",3
"categori",3
"defin",3
"dwindl",3
"gib",3
"henri",3
"incorpor",3
"proper",3
"architect",3
"manipul",3
"pronounc",3
"turmoil",3
"yanbu",3
"carlsson",3
"delic",3
"ignor",3
"machin",3
"seller",3
"wam",3
"deeper",3
"ming",3
"shoe",3
"techniqu",3
"ucl",3
"mckiernan",3
"physic",3
"assert",3
"lumber",3
"overwhelm",3
"spirit",3
"subsid",3
"ankara",3
"athen",3
"bern",3
"ideal",3
"ongpin",3
"versus",3
"liquifi",3
"maya",3
"mexicano",3
"unti",3
"disrupt",3
"dozen",3
"generalis",3
"guidanc",3
"inaccur",3
"fertilis",3
"lubric",3
"cope",3
"enact",3
"screen",3
"temptat",3
"ecgd",3
"lesser",3
"recipi",3
"retir",3
"apart",3
"spill",3
"bulletin",3
"edg",3
"san",3
"bangladesh",3
"stanley",3
"context",3
"ligero",3
"ruiz",3
"handl",3
"paemen",3
"cloud",3
"counti",3
"guerard",3
"kern",3
"malmgreen",3
"patch",3
"pickup",3
"wilson",3
"bound",3
"sudden",3
"unfound",3
"gholamreza",3
"buchanan",3
"style",3
"workforc",3
"sit",3
"wildcat",3
"brink",3
"drew",3
"interpret",3
"admiss",3
"slc",3
"kaputin",3
"ownership",3
"inadequ",3
"proof",3
"supercomput",3
"breakdown",3
"mfn",3
"scientif",3
"superpow",3
"treat",3
"inabl",3
"overproduct",3
"poll",3
"perceiv",3
"tarrif",3
"align",3
"distanc",3
"quantiti",3
"secretariat",3
"spite",3
"constant",3
"spoken",3
"constraint",3
"helmut",3
"redress",3
"usa",3
"noir",3
"territori",3
"isthmus",3
"permian",3
"coalit",3
"culmin",3
"aguarico",3
"cepe",3
"majeur",3
"regist",3
"struck",3
"encompass",3
"turnov",3
"panic",3
"resid",3
"spell",3
"nicaragua",3
"paraguay",3
"tap",3
"travel",3
"taka",3
"fewer",3
"professor",3
"flank",3
"kilomet",3
"newfoundland",3
"modifi",3
"napo",3
"charl",3
"obstacl",3
"ussr",3
"yuan",3
"breath",3
"campaign",3
"distributor",3
"kilobit",3
"loophol",3
"predatori",3
"random",3
"space",3
"steve",3
"contractor",3
"jukardi",3
"expir",3
"outcom",3
"choos",3
"bottom",3
"dresser",3
"freedman",3
"kerridg",3
"merger",3
"sweeney",3
"turnaround",3
"disast",3
"capabl",3
"pciac",3
"cassett",3
"video",3
"intellectu",3
"spr",3
"doumeng",3
"pechiney",3
"veget",3
"destin",3
"stretch",3
"book",3
"pretti",3
"ratif",3
"ineffect",3
"enjoy",3
"tanker",3
"caution",3
"gradin",3
"medic",3
"acr",3
"flaw",3
"nearer",3
"carlo",3
"samudio",3
"wave",3
"pile",3
"manner",3
"notif",3
"faith",3
"nearbi",3
"southwest",3
"accentu",3
"father",3
"infanc",3
"leo",3
"lira",3
"dresdner",3
"bipartisan",3
"tumaco",3
"distort",3
"slid",3
"unp",3
"heard",3
"caught",3
"chamber",3
"laid",3
"moham",3
"reschedul",3
"sore",3
"agenda",3
"ceas",3
"siew",3
"closest",3
"complic",3
"disagre",3
"sheet",3
"auster",3
"freez",3
"erupt",3
"pariba",3
"brand",3
"cornerston",3
"frenzel",3
"showdown",3
"waiv",3
"profil",3
"cumul",3
"deriv",3
"friend",3
"provok",3
"worthwhil",3
"aggrav",3
"repeal",3
"honda",3
"watanab",3
"enger",3
"inevit",3
"shape",3
"austria",3
"tier",3
"zambian",3
"bruce",3
"davi",3
"gareth",3
"adam",3
"bolivar",3
"cook",3
"diet",3
"length",3
"chosen",3
"tayer",3
"pose",3
"insuffici",3
"undergo",3
"petrona",3
"nuclear",3
"roy",3
"alan",3
"mer",3
"saf",3
"sur",3
"smooth",3
"scotia",3
"gone",3
"stamp",3
"anxious",3
"cement",3
"taxpay",3
"bash",3
"confin",3
"grew",3
"rhetor",3
"broader",3
"clarifi",3
"democraci",3
"outstand",3
"discrimin",3
"fibr",3
"itc",3
"voic",3
"pollock",3
"joe",3
"unsur",3
"fortnight",3
"man",3
"freer",3
"pain",3
"sidetrack",3
"tourist",3
"scotland",3
"event",3
"irv",3
"mini",3
"philip",3
"shorter",3
"taupo",3
"disincent",3
"mcivor",3
"attent",3
"flare",3
"warplan",3
"qassem",3
"abdel",3
"hussein",3
"rahim",3
"reshuffl",3
"tonight",3
"excis",3
"krapel",3
"shuffl",3
"upcom",3
"tripl",3
"segment",3
"emphasis",3
"kuroda",3
"makoto",3
"jose",3
"omer",3
"suna",3
"rubber",3
"invok",3
"scienc",3
"caltex",3
"naphtha",3
"axworthi",3
"geolog",3
"madagascar",3
"proport",3
"zhao",3
"des",3
"petrol",3
"eleventh",3
"languag",3
"idl",3
"featur",3
"tobago",3
"trinidad",3
"unexpect",3
"overvalu",3
"particulari",3
"rank",3
"negara",3
"ringgit",3
"hundr",3
"motion",3
"gramm",3
"lombard",3
"radic",3
"lazier",3
"slope",3
"dattel",3
"slower",3
"kuranari",3
"mount",3
"mmtc",3
"cawl",3
"bias",3
"irrat",3
"regret",3
"shoichi",3
"bouldikian",3
"lebanon",3
"nashashibi",3
"prawiro",3
"fleme",3
"jardin",3
"circular",3
"philadelphia",3
"sidelin",3
"foolish",3
"hall",3
"synfuel",3
"ebing",3
"reassess",3
"hostil",3
"shiratori",3
"brussel",3
"overreact",3
"diseas",3
"armacost",3
"lyng",3
"check",3
"anchor",3
"lopsid",3
"groundwork",3
"delor",3
"bleak",3
"gerhard",3
"gould",3
"constitut",3
"wyss",3
"pgrt",3
"fomc",3
"peck",3
"divert",2
"limp",2
"slacken",2
"winter",2
"par",2
"swann",2
"txc",2
"marker",2
"rumour",2
"suppos",2
"lull",2
"bin",2
"surround",2
"wealth",2
"estat",2
"fragment",2
"innov",2
"syndic",2
"briefli",2
"jamaica",2
"hasn",2
"reintroduc",2
"fob",2
"aramco",2
"ras",2
"rush",2
"taper",2
"ingvar",2
"abandon",2
"accomplish",2
"auspic",2
"criteria",2
"finger",2
"leverag",2
"pave",2
"questionnair",2
"sag",2
"schultz",2
"topic",2
"stiff",2
"generous",2
"planner",2
"renegoti",2
"taipei",2
"aspen",2
"humanist",2
"mitig",2
"cftc",2
"neither",2
"platinum",2
"thoma",2
"broadcast",2
"chiefli",2
"film",2
"realiz",2
"akiman",2
"contraven",2
"exclus",2
"fault",2
"inact",2
"undercut",2
"ayala",2
"infrastructur",2
"lpg",2
"santa",2
"distinct",2
"behaviour",2
"chen",2
"communism",2
"counsellor",2
"discard",2
"dual",2
"lobbi",2
"memorandum",2
"prejudic",2
"shibiao",2
"tran",2
"voluntarili",2
"tucker",2
"allen",2
"keidanren",2
"saito",2
"bergsten",2
"atmospher",2
"clout",2
"headlin",2
"herman",2
"scandal",2
"ill",2
"age",2
"barclay",2
"luncheon",2
"denial",2
"indeped",2
"jawbon",2
"opinion",2
"vessel",2
"whitehal",2
"donat",2
"kenya",2
"morocco",2
"tunisia",2
"fashion",2
"inf",2
"steam",2
"thick",2
"preferenti",2
"samuel",2
"prohibit",2
"salmon",2
"belkacem",2
"nabi",2
"ail",2
"tertiari",2
"murphi",2
"conform",2
"fat",2
"narrowli",2
"overse",2
"pictur",2
"transit",2
"belgo",2
"belgolux",2
"bleu",2
"beneficiari",2
"owner",2
"punish",2
"valid",2
"jeopardi",2
"entri",2
"freeli",2
"hypothet",2
"illeg",2
"kaczurba",2
"misunderstand",2
"modernis",2
"pap",2
"precis",2
"solidar",2
"theoret",2
"withdrew",2
"societi",2
"entail",2
"foreseen",2
"notic",2
"ongo",2
"opecna",2
"suez",2
"unwil",2
"bailey",2
"franz",2
"heed",2
"jean",2
"approxim",2
"convent",2
"retroact",2
"metr",2
"notifi",2
"station",2
"volcano",2
"game",2
"haul",2
"holm",2
"readili",2
"resold",2
"scarc",2
"outlet",2
"town",2
"hook",2
"hurtado",2
"supplement",2
"nioc",2
"hua",2
"pearl",2
"creation",2
"maryland",2
"foulk",2
"queri",2
"recover",2
"trillium",2
"rah",2
"bracho",2
"district",2
"homeless",2
"inspect",2
"indiana",2
"michigan",2
"arctic",2
"dialogu",2
"hinder",2
"boon",2
"lifetim",2
"tour",2
"agent",2
"frolov",2
"shenzhen",2
"bach",2
"capel",2
"carol",2
"harder",2
"inexpens",2
"rout",2
"ryavec",2
"shrug",2
"wolff",2
"nazir",2
"tripoli",2
"peac",2
"mti",2
"jumardi",2
"ram",2
"railway",2
"roll",2
"andean",2
"patricio",2
"quevedo",2
"rafael",2
"teran",2
"bernstein",2
"dalla",2
"favorit",2
"gaspar",2
"halliburton",2
"sandi",2
"verg",2
"contempl",2
"extraordinari",2
"furthermor",2
"uphold",2
"choke",2
"holiday",2
"scottish",2
"latter",2
"petrocanada",2
"tow",2
"apparel",2
"hesit",2
"passeng",2
"satisfactori",2
"eleven",2
"safeti",2
"train",2
"finalis",2
"imec",2
"juic",2
"poulenc",2
"rhone",2
"miraflor",2
"palac",2
"deflect",2
"guayaquil",2
"cnooc",2
"stationeri",2
"unwind",2
"inroad",2
"peckford",2
"peterson",2
"desper",2
"pakistan",2
"artifici",2
"contractu",2
"bay",2
"prudho",2
"safeguard",2
"bonus",2
"compagni",2
"garron",2
"lavera",2
"med",2
"montedison",2
"societ",2
"bonanza",2
"cano",2
"endang",2
"limon",2
"perri",2
"stricter",2
"clearcut",2
"perspect",2
"frighten",2
"wedg",2
"assam",2
"wane",2
"hover",2
"alexandria",2
"await",2
"alik",2
"autonom",2
"birthday",2
"coin",2
"corel",2
"esta",2
"fortun",2
"giscard",2
"jealous",2
"kredietbank",2
"leap",2
"mint",2
"punt",2
"quantum",2
"runaway",2
"schmidt",2
"tinker",2
"valeri",2
"vision",2
"emcf",2
"armi",2
"disagr",2
"colon",2
"puerto",2
"ruptur",2
"netherland",2
"ann",2
"detect",2
"inordin",2
"mcgroarti",2
"midland",2
"neill",2
"stifl",2
"saudia",2
"harden",2
"mood",2
"attain",2
"satisfactorili",2
"sink",2
"yamani",2
"zaki",2
"abdulaziz",2
"assembl",2
"enterpris",2
"fledgl",2
"initial",2
"outlay",2
"red",2
"salim",2
"simpl",2
"slowdown",2
"suleiman",2
"suit",2
"dampen",2
"maiz",2
"anonym",2
"born",2
"resembl",2
"baghdad",2
"format",2
"libyan",2
"newslett",2
"frozen",2
"salari",2
"banqu",2
"devast",2
"pre",2
"sympathet",2
"broke",2
"cairo",2
"door",2
"spare",2
"afl",2
"allegi",2
"beset",2
"cio",2
"jenkin",2
"phil",2
"propon",2
"prosper",2
"remedi",2
"thousand",2
"cacex",2
"perfect",2
"roberto",2
"embark",2
"harrington",2
"outer",2
"stockpil",2
"file",2
"seoul",2
"imposit",2
"meaning",2
"psycholog",2
"slim",2
"routin",2
"accommod",2
"citrus",2
"crise",2
"histori",2
"shall",2
"competitor",2
"thrust",2
"abund",2
"downstream",2
"piw",2
"superior",2
"chivuno",2
"violent",2
"edinburgh",2
"incorrect",2
"lewi",2
"mackenzi",2
"off",2
"ring",2
"utilis",2
"captiv",2
"justif",2
"modern",2
"tendenc",2
"ibrahim",2
"sdr",2
"theori",2
"budgetari",2
"conjunct",2
"uneconom",2
"condens",2
"wainco",2
"abdelaziz",2
"besid",2
"vat",2
"domenici",2
"allot",2
"holder",2
"aomi",2
"cloth",2
"mirror",2
"sir",2
"broken",2
"evolut",2
"administ",2
"census",2
"channel",2
"expatri",2
"explicit",2
"gape",2
"worst",2
"lake",2
"seismic",2
"underway",2
"upper",2
"corn",2
"sudanes",2
"contin",2
"bethlehem",2
"chien",2
"guaranti",2
"hanov",2
"hefti",2
"heighten",2
"merchandis",2
"wendt",2
"comparison",2
"converg",2
"unavail",2
"undevelop",2
"genuin",2
"necessarili",2
"caf",2
"destroy",2
"reconstruct",2
"semiconduct",2
"spent",2
"trico",2
"convers",2
"breakthrough",2
"treati",2
"function",2
"korkman",2
"kullberg",2
"consequ",2
"incompat",2
"jurisdict",2
"airlin",2
"van",2
"elk",2
"golden",2
"naval",2
"countervail",2
"rash",2
"dls",2
"invoic",2
"mcclure",2
"radio",2
"unfortun",2
"choic",2
"leadership",2
"brake",2
"outstrip",2
"promin",2
"sfem",2
"true",2
"bernard",2
"bush",2
"inclus",2
"instil",2
"pirat",2
"popularis",2
"praug",2
"readjust",2
"trademark",2
"tragedi",2
"rip",2
"backdrop",2
"cap",2
"durabl",2
"snap",2
"eve",2
"terribl",2
"sydney",2
"ncso",2
"essenti",2
"grave",2
"tsomu",2
"rollback",2
"standstil",2
"catalyt",2
"cracker",2
"undamag",2
"nowruz",2
"rubbl",2
"colorado",2
"kansa",2
"mamman",2
"advic",2
"hammer",2
"hasti",2
"inappropri",2
"micro",2
"micron",2
"unregul",2
"secertari",2
"baath",2
"command",2
"explan",2
"ina",2
"isam",2
"saddam",2
"conting",2
"socialist",2
"rotari",2
"wyom",2
"adapt",2
"era",2
"marketplac",2
"pit",2
"witch",2
"coooper",2
"pierc",2
"translat",2
"amortis",2
"rational",2
"ridden",2
"standpoint",2
"escal",2
"redoubl",2
"rupiah",2
"oljeselskap",2
"reservoir",2
"tract",2
"jeopard",2
"camdessus",2
"stark",2
"taxwrit",2
"goodyear",2
"tire",2
"archer",2
"likewis",2
"carbozulia",2
"chacin",2
"ent",2
"idrocarburi",2
"metric",2
"nazional",2
"reimpel",2
"ton",2
"fals",2
"softwood",2
"vow",2
"morondava",2
"omni",2
"sunk",2
"ordinari",2
"personnel",2
"sassan",2
"tpn",2
"wellhead",2
"juha",2
"ahc",2
"amerada",2
"barent",2
"cie",2
"deminex",2
"hess",2
"nhi",2
"tenneco",2
"marcel",2
"deepli",2
"ident",2
"government",2
"onto",2
"aliv",2
"infer",2
"outspoken",2
"unwarr",2
"bow",2
"lengthi",2
"undertak",2
"pessim",2
"reput",2
"anyway",2
"tex",2
"geipel",2
"gmbh",2
"han",2
"pension",2
"shore",2
"dean",2
"street",2
"witter",2
"factori",2
"loom",2
"macroeconom",2
"tadashi",2
"window",2
"complement",2
"maekawa",2
"redirect",2
"rob",2
"sooth",2
"iron",2
"ore",2
"minimis",2
"parliamentarian",2
"forex",2
"eiaj",2
"batter",2
"parallel",2
"unsatisfactori",2
"thorough",2
"tsba",2
"aris",2
"experi",2
"concept",2
"prerequisit",2
"unifi",2
"ica",2
"belliger",2
"depict",2
"draconian",2
"highlight",2
"isol",2
"meaningless",2
"walk",2
"ganaveh",2
"eros",2
"nick",2
"unaffect",2
"impress",2
"mas",2
"motiv",2
"nikko",2
"tumbl",2
"belgrad",2
"automobil",2
"symbol",2
"virginia",2
"sider",2
"weakest",2
"buckler",2
"dunham",2
"rack",2
"testifi",2
"shale",2
"dealt",2
"resign",2
"successor",2
"uchida",2
"cold",2
"martin",2
"roubl",2
"skill",2
"sword",2
"knowledg",2
"ecus",2
"shot",2
"utah",2
"els",2
"wrong",2
"usda",2
"oakley",2
"cote",2
"sprinkel",2
"sloan",2
"underpin",2
"fluxtuat",2
"tenth",2
"odd",2
"thwart",2
"truste",2
"gothenburg",2
"conductor",2
"proven",2
"halvorsen",2
"donaldson",2
"jenrett",2
"lufkin",2
"undoubt",2
"dam",2
"mainstay",2
"sahara",2
"roach",2
"slifer",2
"gobert",2
"plexman",2
"cravo",2
"nort",2
"kilometr",2
"dedramatis",2
"tentat",2
"kaufman",2
"lanston",2
"midyear",2
"shiviyacu",2
"abrupt",2
"reassur",2
"whip",2
"writeoff",2
"kurlack",2
"aus",2
"rup",2
"crumbl",1
"cruzado",1
"froze",1
"hail",1
"saviour",1
"copani",1
"bijan",1
"cambridg",1
"cera",1
"character",1
"deem",1
"dillard",1
"editor",1
"harvard",1
"lesson",1
"moussavar",1
"rahmani",1
"readdress",1
"sprigg",1
"teach",1
"yergin",1
"unithold",1
"baseless",1
"clever",1
"broaden",1
"exert",1
"pertain",1
"amidst",1
"foremost",1
"minus",1
"rationalis",1
"recurr",1
"responsibilit",1
"shoulder",1
"thani",1
"twelfth",1
"bsc",1
"disclosur",1
"euronot",1
"famili",1
"flotat",1
"immin",1
"precious",1
"relinquish",1
"underwrit",1
"vehicl",1
"glut",1
"falter",1
"aymah",1
"fold",1
"jubail",1
"tanurah",1
"apartheid",1
"calrsson",1
"adverseri",1
"condemn",1
"culprit",1
"fist",1
"gamut",1
"kick",1
"overhang",1
"peev",1
"speedi",1
"spoil",1
"strive",1
"wheel",1
"doha",1
"organia",1
"chao",1
"earner",1
"devic",1
"drawback",1
"path",1
"capozza",1
"debut",1
"mcfadden",1
"rosemari",1
"crossbord",1
"minim",1
"notion",1
"player",1
"postwar",1
"shi",1
"belong",1
"erdem",1
"kapsi",1
"kaya",1
"nazmi",1
"protocol",1
"seab",1
"trace",1
"yanni",1
"overcom",1
"stuck",1
"warmer",1
"arithmet",1
"miracl",1
"solita",1
"uncompetit",1
"ammonia",1
"ayal",1
"cardena",1
"lazaro",1
"nueva",1
"tank",1
"teapa",1
"tito",1
"arbitrari",1
"czechoslovakia",1
"dalian",1
"facto",1
"lever",1
"persaud",1
"pool",1
"preced",1
"abolit",1
"antagonis",1
"eishiro",1
"halv",1
"rice",1
"stave",1
"fred",1
"fom",1
"mosti",1
"orient",1
"stupid",1
"suprlus",1
"smoke",1
"career",1
"convern",1
"gill",1
"jack",1
"lump",1
"qustion",1
"servant",1
"trough",1
"suicid",1
"canot",1
"indid",1
"longshot",1
"marion",1
"oversold",1
"postit",1
"stewart",1
"yeterray",1
"francisco",1
"concession",1
"costa",1
"dominican",1
"leahi",1
"melcher",1
"mont",1
"patrick",1
"republ",1
"rica",1
"seneg",1
"interfuel",1
"ope",1
"apolonio",1
"fad",1
"spanish",1
"surviv",1
"unresolv",1
"davignon",1
"etienn",1
"hugo",1
"luyten",1
"birr",1
"crawl",1
"curti",1
"dreg",1
"munger",1
"endo",1
"minoru",1
"unprocess",1
"alick",1
"britian",1
"dive",1
"manpow",1
"permament",1
"snith",1
"coher",1
"mold",1
"oilpatch",1
"railroad",1
"revit",1
"agreeeement",1
"arbit",1
"bypass",1
"commuiti",1
"echo",1
"eec",1
"occas",1
"portug",1
"reesent",1
"tactic",1
"multin",1
"preparatori",1
"petrleum",1
"unbalanc",1
"experienc",1
"guinean",1
"kina",1
"privileg",1
"disqualif",1
"disqualifi",1
"paperwork",1
"unpreced",1
"penetr",1
"amongst",1
"baka",1
"blur",1
"crush",1
"excus",1
"extrapol",1
"foodstuff",1
"ice",1
"illus",1
"illusori",1
"immor",1
"janusz",1
"lender",1
"martial",1
"moral",1
"nebul",1
"obstruct",1
"offshoot",1
"phenomenon",1
"pole",1
"setback",1
"someon",1
"suppress",1
"torpedo",1
"uncommon",1
"wladyslaw",1
"overpr",1
"capita",1
"counteract",1
"soley",1
"taiwain",1
"biannual",1
"chair",1
"extraordinrari",1
"lifter",1
"matrix",1
"unnam",1
"carlucci",1
"bahar",1
"egpc",1
"patient",1
"propuc",1
"underproduc",1
"cargil",1
"cereal",1
"claud",1
"dispar",1
"feiter",1
"harmoni",1
"josef",1
"kohl",1
"unprofit",1
"bouy",1
"drawdown",1
"greenshield",1
"simon",1
"suport",1
"unlead",1
"compos",1
"egon",1
"padovan",1
"yugoslavian",1
"eralp",1
"yalim",1
"leeway",1
"norbec",1
"processi",1
"tar",1
"truck",1
"midsess",1
"pbt",1
"omin",1
"steward",1
"corporacion",1
"ecaudor",1
"ecuatoriana",1
"epicentr",1
"petrolera",1
"reventador",1
"salado",1
"seismologist",1
"shook",1
"brass",1
"chicken",1
"friedburg",1
"hank",1
"imagin",1
"indefinti",1
"skeptic",1
"struggl",1
"surfac",1
"tab",1
"uniti",1
"wonder",1
"algier",1
"deploy",1
"greet",1
"stablis",1
"adana",1
"anatolian",1
"hurriyet",1
"kirkuk",1
"yumurtalik",1
"colder",1
"disguis",1
"straight",1
"vlccs",1
"liu",1
"coutervail",1
"knotti",1
"proportion",1
"univer",1
"calgari",1
"delin",1
"hibernia",1
"icg",1
"parex",1
"regulatori",1
"rias",1
"wholli",1
"woon",1
"andes",1
"brancho",1
"burst",1
"cayamb",1
"corps",1
"die",1
"disappear",1
"gigant",1
"hardest",1
"hut",1
"jorg",1
"lara",1
"magnitud",1
"marco",1
"pipellin",1
"swell",1
"wast",1
"autobiographi",1
"headi",1
"oilman",1
"amtorg",1
"detent",1
"sergey",1
"taught",1
"depositor",1
"fujian",1
"guangdong",1
"hainan",1
"nationwid",1
"wenzhou",1
"zhejiang",1
"aizawa",1
"annoy",1
"comeback",1
"donovan",1
"escap",1
"fate",1
"hot",1
"keller",1
"matt",1
"megabit",1
"mere",1
"mmi",1
"outfox",1
"recalcitr",1
"sia",1
"sneak",1
"thorni",1
"unclear",1
"vari",1
"winner",1
"irna",1
"mana",1
"nahayan",1
"oteiba",1
"stopov",1
"sultan",1
"vist",1
"zaid",1
"battlefield",1
"homeland",1
"palestinian",1
"hardjoko",1
"rachman",1
"seputro",1
"split",1
"infus",1
"liqud",1
"argentin",1
"summon",1
"velasco",1
"baird",1
"bko",1
"businesess",1
"goldman",1
"haber",1
"hal",1
"harold",1
"headquart",1
"hord",1
"ike",1
"jeffrey",1
"leaseback",1
"maxim",1
"mcdermott",1
"mdr",1
"multipl",1
"sach",1
"simmon",1
"slb",1
"stockhold",1
"streamlin",1
"swarup",1
"vishnu",1
"contrari",1
"disassoci",1
"herebi",1
"media",1
"mislead",1
"tragic",1
"interprovinci",1
"lasmo",1
"overrid",1
"rainbow",1
"scurri",1
"srb",1
"tableland",1
"opt",1
"disquiet",1
"amman",1
"khatib",1
"nra",1
"boe",1
"dougla",1
"mcdonnel",1
"piraci",1
"puchas",1
"deserv",1
"displac",1
"hurdl",1
"agro",1
"anybodi",1
"baptist",1
"businessman",1
"foresaw",1
"gosagroprom",1
"interagra",1
"vsevolod",1
"lent",1
"undetermin",1
"propens",1
"regrett",1
"banquet",1
"aturo",1
"maracaibo",1
"lufeng",1
"mouth",1
"yellow",1
"beer",1
"cigarett",1
"wile",1
"frame",1
"getti",1
"longstand",1
"rough",1
"substanc",1
"transpir",1
"charter",1
"dissoci",1
"inspir",1
"lucki",1
"recur",1
"anita",1
"grace",1
"namibia",1
"hoenman",1
"caribou",1
"dispit",1
"inadqu",1
"jay",1
"musk",1
"over",1
"oxen",1
"wilder",1
"athabasca",1
"feasibl",1
"fort",1
"mcmurray",1
"pilot",1
"augusta",1
"berr",1
"cfr",1
"energia",1
"etang",1
"isab",1
"italiana",1
"mede",1
"mellili",1
"priolo",1
"quirico",1
"raffinag",1
"rearrang",1
"selm",1
"siracusa",1
"societa",1
"tighter",1
"visbreak",1
"arauca",1
"camp",1
"chona",1
"collabor",1
"franciso",1
"guerrilla",1
"guillermo",1
"leftist",1
"narvaez",1
"rebel",1
"subvers",1
"upsurg",1
"stoppag",1
"knock",1
"unsel",1
"chronic",1
"anchorag",1
"kerir",1
"sedi",1
"sume",1
"danish",1
"irish",1
"alfr",1
"apholt",1
"soften",1
"stein",1
"canadaina",1
"dominion",1
"electromagnet",1
"iit",1
"sponsorship",1
"almir",1
"mediat",1
"occupi",1
"pazzionotto",1
"reign",1
"rio",1
"ampl",1
"boat",1
"minsitri",1
"paralys",1
"octoer",1
"petit",1
"processor",1
"raw",1
"accler",1
"beaten",1
"burn",1
"displeasur",1
"enquir",1
"incumb",1
"pfennig",1
"pursuant",1
"regress",1
"remind",1
"repatri",1
"roar",1
"stymi",1
"surmis",1
"toler",1
"unwound",1
"parent",1
"penalis",1
"abal",1
"bloat",1
"conglomer",1
"fighter",1
"hotel",1
"khail",1
"mountain",1
"redec",1
"thrash",1
"tihamah",1
"buri",1
"fora",1
"hatchet",1
"instabl",1
"karl",1
"otto",1
"poehl",1
"quarrel",1
"reassembl",1
"shake",1
"stubborn",1
"tame",1
"toyko",1
"unruli",1
"vincent",1
"acquah",1
"lusaka",1
"meal",1
"modif",1
"quell",1
"remodel",1
"rescu",1
"riot",1
"unip",1
"becker",1
"cologn",1
"consolid",1
"counterparti",1
"creditworthi",1
"eurobond",1
"intermediari",1
"juergen",1
"newer",1
"reinterpret",1
"scrutini",1
"specialist",1
"supervis",1
"supervisori",1
"authorit",1
"covert",1
"cyprus",1
"hydrocarbon",1
"inequ",1
"bus",1
"digniti",1
"fare",1
"hire",1
"legitim",1
"prestig",1
"sovereign",1
"stapl",1
"orgin",1
"plight",1
"aluminium",1
"anwar",1
"arsenal",1
"bassiouni",1
"furnitur",1
"glass",1
"hardwar",1
"hosni",1
"leather",1
"mubarak",1
"mustapha",1
"newsprint",1
"payabl",1
"sadat",1
"salah",1
"unreason",1
"youssri",1
"commerzbank",1
"crane",1
"georgia",1
"poepl",1
"staunch",1
"albertan",1
"columbian",1
"detial",1
"passion",1
"poorer",1
"riski",1
"stumbl",1
"trariff",1
"unadjust",1
"derivit",1
"allevi",1
"fisheri",1
"sensibl",1
"subisdi",1
"wil",1
"boiler",1
"nickl",1
"overestim",1
"underestim",1
"util",1
"simplifi",1
"tantamount",1
"ingenu",1
"minsit",1
"osamu",1
"yukio",1
"contra",1
"efficaci",1
"hiroshi",1
"mochizuki",1
"takahashi",1
"yukuo",1
"alert",1
"brinkmanship",1
"fran",1
"hagu",1
"lunch",1
"pasta",1
"provoc",1
"strident",1
"effot",1
"hidden",1
"prescrib",1
"srd",1
"suspect",1
"antwerp",1
"bunch",1
"capciti",1
"intellig",1
"journal",1
"opert",1
"reclaim",1
"shaken",1
"fluctat",1
"leonard",1
"ammend",1
"arbroath",1
"consent",1
"fenc",1
"henceforth",1
"osprey",1
"realloc",1
"tidier",1
"merg",1
"plns",1
"adapingth",1
"bcf",1
"coke",1
"difficultiesand",1
"chairmanship",1
"karim",1
"frion",1
"grandmarai",1
"jefferson",1
"parish",1
"perfor",1
"pipe",1
"prspect",1
"tweedel",1
"untest",1
"wol",1
"euro",1
"fadhil",1
"fledg",1
"unviabl",1
"remit",1
"uniqu",1
"billlion",1
"overshoot",1
"anba",1
"discontinu",1
"fetch",1
"malaysian",1
"tapi",1
"tradeabl",1
"dunnen",1
"mayor",1
"roel",1
"seattl",1
"twin",1
"chernobyl",1
"humaid",1
"radiat",1
"resubmit",1
"undertaken",1
"collis",1
"copi",1
"imag",1
"threshhold",1
"persian",1
"shoot",1
"earnng",1
"easiest",1
"essf",1
"hypothesi",1
"petrochem",1
"halifax",1
"scotian",1
"audio",1
"counterfeit",1
"digit",1
"florio",1
"imped",1
"jersey",1
"lucrat",1
"widerang",1
"woe",1
"woven",1
"shanker",1
"shiv",1
"fan",1
"herbal",1
"medicin",1
"bold",1
"breakneck",1
"fabric",1
"legendari",1
"outsiz",1
"realism",1
"reckless",1
"reshap",1
"tale",1
"toll",1
"underlin",1
"unpunish",1
"usher",1
"watchword",1
"wealthi",1
"wrought",1
"mlc",1
"northstar",1
"peerless",1
"tricentrol",1
"trout",1
"vicin",1
"cow",1
"hide",1
"peanut",1
"pharmaceut",1
"sesam",1
"spice",1
"tomato",1
"code",1
"sytem",1
"applianc",1
"balloon",1
"cerier",1
"chandross",1
"doorstep",1
"exort",1
"impedi",1
"incipi",1
"koss",1
"motor",1
"overral",1
"prong",1
"scream",1
"seventh",1
"shien",1
"teeth",1
"ticket",1
"ouput",1
"manuel",1
"women",1
"annex",1
"kittiwak",1
"uplift",1
"oscil",1
"retent",1
"boomerang",1
"misguid",1
"mistak",1
"throw",1
"wrench",1
"antonio",1
"galo",1
"gil",1
"montano",1
"parra",1
"perez",1
"stiffer",1
"footwear",1
"garment",1
"shop",1
"hydraul",1
"laioh",1
"tro",1
"dairi",1
"geographi",1
"withdrawn",1
"accru",1
"anytim",1
"dividend",1
"placement",1
"kuroski",1
"maslen",1
"rome",1
"zdzislaw",1
"necess",1
"repreent",1
"amauligak",1
"barit",1
"beaufort",1
"goc",1
"mud",1
"powder",1
"shorelin",1
"issuer",1
"rolf",1
"sixten",1
"aramid",1
"induc",1
"thinh",1
"beacon",1
"caljet",1
"casey",1
"cryssen",1
"eagl",1
"edgington",1
"lunday",1
"macmillan",1
"mock",1
"newhal",1
"orkin",1
"thagard",1
"commonwealth",1
"gestur",1
"goodwil",1
"mechanisim",1
"neighbor",1
"quasijudici",1
"arizona",1
"idaho",1
"matsui",1
"mccain",1
"microprocessor",1
"herald",1
"inward",1
"kombo",1
"moyana",1
"arifin",1
"flew",1
"java",1
"siregar",1
"wise",1
"ambiti",1
"blue",1
"bumper",1
"elit",1
"harvest",1
"husain",1
"ishrat",1
"logic",1
"rural",1
"urban",1
"sepemb",1
"appetit",1
"auspici",1
"bounc",1
"cloudi",1
"deviat",1
"drift",1
"ecomom",1
"enliven",1
"greenbaum",1
"hang",1
"inde",1
"inertia",1
"pall",1
"sideway",1
"slice",1
"slumber",1
"unfavour",1
"inher",1
"bog",1
"denni",1
"intens",1
"undiscov",1
"acreag",1
"divers",1
"donald",1
"brkn",1
"ian",1
"mear",1
"pti",1
"rebuild",1
"neglect",1
"enquiri",1
"ingolstadt",1
"yard",1
"ardeshir",1
"depriv",1
"ruler",1
"bradstreet",1
"dunn",1
"deflationari",1
"indebted",1
"samaila",1
"catastroph",1
"eras",1
"hint",1
"masaji",1
"nipn",1
"rebutt",1
"rock",1
"strang",1
"trap",1
"utmost",1
"excchang",1
"agcni",1
"asadi",1
"hamza",1
"jabbar",1
"khadeir",1
"subhi",1
"yassin",1
"zubedei",1
"zubeidi",1
"adkerson",1
"andersen",1
"arthur",1
"exisit",1
"jofre",1
"obvious",1
"persuas",1
"variabl",1
"govt",1
"inoc",1
"revolut",1
"shakeup",1
"abus",1
"conced",1
"dellsher",1
"deutsch",1
"gyrat",1
"merchant",1
"nearest",1
"salutari",1
"smithsonian",1
"unrealist",1
"hindsight",1
"inconclus",1
"reap",1
"immens",1
"ludicr",1
"plough",1
"ration",1
"background",1
"certainti",1
"plenti",1
"rent",1
"tailor",1
"waiver",1
"revitalis",1
"contenti",1
"earliest",1
"osaka",1
"aam",1
"rai",1
"rental",1
"submiss",1
"davo",1
"pat",1
"banana",1
"quantit",1
"shine",1
"somehow",1
"wellington",1
"appl",1
"chocol",1
"dictat",1
"timet",1
"buoy",1
"leg",1
"northermost",1
"remot",1
"subsea",1
"breakfast",1
"mnd",1
"asid",1
"beshir",1
"clean",1
"ethiopia",1
"inelig",1
"shaalan",1
"shakour",1
"smuggl",1
"stringent",1
"thrive",1
"twenti",1
"visitor",1
"zair",1
"aggreg",1
"outrag",1
"ridicul",1
"sleep",1
"winkl",1
"exhibit",1
"guidepost",1
"heritag",1
"retail",1
"text",1
"uniform",1
"wholesal",1
"barbara",1
"calif",1
"celeron",1
"diamet",1
"joaquin",1
"pack",1
"staqrt",1
"underground",1
"valley",1
"bonker",1
"tape",1
"antidump",1
"forego",1
"industori",1
"lightweight",1
"unionist",1
"diesel",1
"infant",1
"renato",1
"softwar",1
"annouc",1
"carbon",1
"eni",1
"expertis",1
"guasar",1
"guzman",1
"juan",1
"pablo",1
"zulia",1
"andrew",1
"bumbl",1
"flashpoint",1
"fumbl",1
"harrass",1
"nitrogen",1
"traget",1
"unstabl",1
"ceremenoni",1
"geophys",1
"ratsimandresi",1
"roland",1
"capitalis",1
"forbid",1
"ziyang",1
"accomod",1
"aerial",1
"enemi",1
"helicopt",1
"pad",1
"tehran",1
"unidentifi",1
"excit",1
"fereidun",1
"hawaii",1
"honolulu",1
"papuan",1
"pocket",1
"sedimentari",1
"aquitain",1
"arco",1
"brasileiro",1
"elf",1
"elfp",1
"fina",1
"moer",1
"national",1
"nemour",1
"petb",1
"petrofina",1
"pont",1
"sagp",1
"smoerbukk",1
"ste",1
"tet",1
"tgt",1
"troll",1
"unexplor",1
"withheld",1
"awsat",1
"judgment",1
"plateau",1
"sharq",1
"cmte",1
"committess",1
"anywher",1
"discret",1
"surcharg",1
"ruputur",1
"stricken",1
"phrase",1
"rid",1
"truli",1
"viabil",1
"signatori",1
"corner",1
"ealier",1
"devot",1
"tommorrow",1
"undertook",1
"curv",1
"inseper",1
"seper",1
"ludolf",1
"confus",1
"koichi",1
"miyazaki",1
"nashimoto",1
"oversuppli",1
"sanwa",1
"sheer",1
"tadahiko",1
"jaafar",1
"prudenc",1
"downgrad",1
"exposur",1
"impair",1
"moneylin",1
"politician",1
"committ",1
"undesir",1
"aerospac",1
"blohm",1
"boelkow",1
"citibank",1
"compromis",1
"employe",1
"forg",1
"forgotten",1
"gesamtmetal",1
"heimat",1
"humili",1
"inhibit",1
"interfer",1
"messerschmitt",1
"metalwork",1
"meyer",1
"mop",1
"neue",1
"obstinaci",1
"passau",1
"predecessor",1
"protract",1
"shorten",1
"squar",1
"steinkuehl",1
"triennial",1
"ute",1
"zahnradfabrik",1
"arisen",1
"balladur",1
"edouard",1
"affirm",1
"ball",1
"beat",1
"brightest",1
"carl",1
"eugen",1
"icahn",1
"ilacqua",1
"matchmak",1
"nowak",1
"prescott",1
"retreat",1
"rosario",1
"rothschild",1
"swirl",1
"turben",1
"unattract",1
"destabil",1
"fernand",1
"germain",1
"lock",1
"childhood",1
"danni",1
"fraud",1
"freed",1
"interv",1
"ivan",1
"jail",1
"nazi",1
"overturn",1
"paranoia",1
"persecut",1
"prison",1
"prosecut",1
"sentenc",1
"stun",1
"volkswagen",1
"alcudiai",1
"guilermno",1
"kelvin",1
"lui",1
"ramnath",1
"rubio",1
"stride",1
"alcohol",1
"campo",1
"liquefi",1
"usag",1
"agreeement",1
"chile",1
"fuell",1
"human",1
"misplac",1
"stagnant",1
"thailand",1
"underutilis",1
"gotoda",1
"masaharu",1
"academ",1
"concessionari",1
"ibrd",1
"ida",1
"rechannel",1
"sake",1
"box",1
"empti",1
"haruo",1
"infight",1
"pep",1
"protest",1
"punch",1
"shatter",1
"tacit",1
"discreet",1
"illustr",1
"insignific",1
"jute",1
"rail",1
"stc",1
"tea",1
"tobacco",1
"austrian",1
"creditanstalt",1
"danzing",1
"girozentral",1
"herbert",1
"defict",1
"insid",1
"laser",1
"printer",1
"reaan",1
"fei",1
"jen",1
"kuo",1
"ministi",1
"quicken",1
"reserveshelp",1
"soochow",1
"angrili",1
"emot",1
"multi",1
"prematur",1
"reconsid",1
"meantim",1
"meguerditch",1
"twelv",1
"demerit",1
"deyan",1
"ideolog",1
"jiyun",1
"renminbi",1
"suitabl",1
"yao",1
"yilin",1
"downplay",1
"polic",1
"porfolio",1
"bugdet",1
"dirham",1
"ebb",1
"grid",1
"hikmat",1
"model",1
"pauciti",1
"plausibl",1
"abdullah",1
"bancair",1
"bata",1
"beirut",1
"buhindi",1
"burgan",1
"cambist",1
"chairmen",1
"dakhil",1
"ezzedin",1
"hani",1
"imad",1
"international",1
"liban",1
"nasouli",1
"osman",1
"ramadan",1
"riyad",1
"saidan",1
"treasur",1
"tuni",1
"walid",1
"ablaz",1
"marckraq",1
"coupon",1
"english",1
"hunt",1
"nosed",1
"palm",1
"radius",1
"timber",1
"tin",1
"altogeth",1
"contradict",1
"defianc",1
"matsushita",1
"murtha",1
"tom",1
"foresak",1
"resel",1
"simultan",1
"arbitrag",1
"australasian",1
"nichola",1
"pioneer",1
"truer",1
"acccount",1
"undecid",1
"yasuda",1
"aspir",1
"beef",1
"dismay",1
"multitud",1
"nutur",1
"rap",1
"attaka",1
"thin",1
"archi",1
"cnp",1
"petroluem",1
"rosenberg",1
"amaz",1
"automot",1
"height",1
"judi",1
"layoff",1
"strathcona",1
"avalanch",1
"bloodbath",1
"ashland",1
"carter",1
"mcf",1
"boston",1
"revel",1
"tower",1
"dane",1
"nan",1
"rotat",1
"whichev",1
"zhou",1
"ammunit",1
"audienc",1
"candid",1
"coffin",1
"encount",1
"erod",1
"faction",1
"fatal",1
"mitsuru",1
"nail",1
"nice",1
"rei",1
"smoulder",1
"temper",1
"toppl",1
"unpopular",1
"waseda",1
"accredit",1
"bandwagon",1
"cosmet",1
"ethic",1
"illiber",1
"friendship",1
"gorbachev",1
"kremlin",1
"mikhail",1
"nikolai",1
"circuit",1
"itsu",1
"miet",1
"mitsubishi",1
"mot",1
"motorola",1
"nesi",1
"rattl",1
"sendai",1
"trim",1
"unrel",1
"wedd",1
"zoet",1
"page",1
"overview",1
"steer",1
"underton",1
"midday",1
"tune",1
"responsibl",1
"israel",1
"dimens",1
"numer",1
"tougher",1
"brew",1
"dash",1
"dole",1
"overdu",1
"comprehend",1
"glad",1
"hunch",1
"nobuo",1
"dakota",1
"leasehold",1
"mississippi",1
"montana",1
"invari",1
"bureacraci",1
"downtrend",1
"fought",1
"acknowleg",1
"precipit",1
"bethesda",1
"blood",1
"cancer",1
"canvass",1
"cure",1
"dedic",1
"defici",1
"drug",1
"franco",1
"francoi",1
"guillaum",1
"hunger",1
"immun",1
"oldest",1
"pasteur",1
"poverti",1
"rocket",1
"russian",1
"syndrom",1
"terror",1
"vaccin",1
"weapon",1
"weaponri",1
"wordwid",1
"brodi",1
"bull",1
"buoyant",1
"butcher",1
"chunk",1
"entic",1
"evelyn",1
"grenfel",1
"pour",1
"raferti",1
"shock",1
"slowli",1
"sum",1
"tailspin",1
"usual",1
"yamaichi",1
"negot",1
"tide",1
"bark",1
"tree",1
"feedstock",1
"omnibus",1
"murata",1
"phylli",1
"ryohei",1
"graf",1
"gari",1
"prorat",1
"angel",1
"beryl",1
"incomplet",1
"los",1
"arnold",1
"liter",1
"safer",1
"breather",1
"choppi",1
"craig",1
"heel",1
"parker",1
"scene",1
"upsid",1
"chain",1
"conce",1
"detriment",1
"envis",1
"freakish",1
"imput",1
"inpact",1
"montari",1
"newest",1
"overpow",1
"postur",1
"profound",1
"relev",1
"relunct",1
"screw",1
"scuttl",1
"solid",1
"stabal",1
"unwork",1
"wander",1
"wield",1
"prop",1
"sept",1
"beach",1
"buena",1
"huntington",1
"vista",1
"wilmington",1
"harsh",1
"spectr",1
"blunt",1
"bother",1
"concili",1
"hatakeyama",1
"noboru",1
"chapter",1
"duchesn",1
"nielsen",1
"npeeq",1
"unsecur",1
"bludgeon",1
"aviat",1
"ferrous",1
"mongstad",1
"olieselskab",1
"sulphuris",1
"imponder",1
"kiel",1
"stagnat",1
"bjoern",1
"easter",1
"finnish",1
"gabones",1
"hispanoil",1
"neoy",1
"nest",1
"sago",1
"tretvol",1
"undisclos",1
"alongsid",1
"circl",1
"confidant",1
"dick",1
"disdain",1
"indispens",1
"knit",1
"mastermind",1
"mightili",1
"shepherd",1
"spearhead",1
"steet",1
"strategist",1
"theorist",1
"wertheim",1
"destabilis",1
"dinner",1
"gove",1
"harmonis",1
"knokk",1
"resili",1
"workabl",1
"disuss",1
"embrac",1
"funnel",1
"wake",1
"emiss",1
"fukushima",1
"glen",1
"gradovill",1
"masashi",1
"muraoka",1
"shigeru",1
"deadlock",1
"statutori",1
"comfort",1
"congressman",1
"earmark",1
"moratorium",1
"redefinit",1
"richest",1
"sewer",1
"sister",1
"accumul",1
"brusca",1
"detract",1
"flag",1
"overst",1
"possibilti",1
"regardless",1
"reynold",1
"silfer",1
"subdu",1
"sullivan",1
"underst",1
"workweek",1
"reconfirm",1
"absolut",1
"beaubien",1
"class",1
"cushion",1
"dismal",1
"dome",1
"frontier",1
"gover",1
"levesqu",1
"norcen",1
"outweigh",1
"paint",1
"pare",1
"robust",1
"toronto",1
"tremend",1
"wilf",1
"communiqu",1
"covena",1
"dynamit",1
"magangu",1
"northeastern",1
"oilfi",1
"brasilia",1
"sarney",1
"uruc",1
"bipolar",1
"monopolar",1
"oppon",1
"petrocurr",1
"restat",1
"strongest",1
"acrimoni",1
"betwen",1
"reestablish",1
"unenthusiast",1
"airway",1
"parastat",1
"zimoil",1
"aubrey",1
"bode",1
"clearer",1
"composit",1
"fragil",1
"histor",1
"illumin",1
"inflationari",1
"jitter",1
"mccarthi",1
"mild",1
"paroxysm",1
"stone",1
"calend",1
"nar",1
"reafffirm",1
"peruvian",1
"inquiri",1
"aren",1
"boil",1
"listen",1
"reverber",1
"fli",1
"worthi",1
"boycot",1
"enlarg",1
"rememb",1
"whenev",1
"counterproduct",1
"proxmir",1
"wisc",1
"adminsitr",1
"demonst",1
"elliot",1
"eprom",1
"exit",1
"forstal",1
"ladenburg",1
"levin",1
"mollifi",1
"muscl",1
"produt",1
"subtl",1
"thalmann",1
"unfavor",1
"forthcom",1
"semiannu",1
"succesful",1
"constrain",1
"keg",1
"zama",1
"bfr",1
"dfl",1
"din",1
"dkr",1
"dmk",1
"drhm",1
"ffr",1
"fin",1
"ind",1
"irn",1
"lib",1
"lit",1
"mrc",1
"mrk",1
"nkr",1
"pak",1
"ryl",1
"sch",1
"sfr",1
"skr",1
"midwest",1
"sincer",1
"midrat",1
